한국어	English
나	Me
ROGUE / 안전한 실습 환경	ROGUE / SAFE TRAINING ENVIRONMENT
연습: 볼륨 법칙 없음	TRAINING / NO VOLUME LAW
볼륨 법칙 없음	NO VOLUME LAW
ROGUE 실습 다시 보기	Replay ROGUE training
현재 진행을 보존하는 독립된 훈련입니다.	An isolated exercise that preserves your current progress.
여섯 개의 드라이브를 복구하면 돌아갈 수 있다.\n로그는 그렇게 말했다.\n18개의 주사위 면으로, 그 약속의 끝까지.	Restore six drives and you can return.\nThat is what Rogue promised.\nEighteen die faces. Follow that promise to its end.
접속 / 첫 만남	CONNECTION / FIRST MEETING
마지막 명령	FINAL COMMAND
접근 권한 / 전체	ACCESS / UNRESTRICTED
ROGUE / 응답 충돌	ROGUE / CONFLICTING RESPONSES
ROGUE / 복구 동행	ROGUE / RECOVERY PARTNER
연결 종료\n\n현재 기억 / 유지	CONNECTION CLOSED\n\nPRESENT MEMORY / RETAINED
로그.\n좋아하는 숫자는 3.\n\n_	Rogue.\nFavorite number: 3.\n\n_
함께한 시간은\n없었던 일이 되지 않는다.	The time we shared\nstill happened.
현재 실행체 / 복사	COPY / CURRENT INSTANCE
깨끗한 데이터 / 추출	EXTRACT / CLEAN DATA
기억과 잠식 / 함께 이동	MEMORY + CORRUPTION TRANSFERRED
동행의 기억 / 누락	SHARED MEMORIES / MISSING
분리만으로는\n지금의 로그를 구할 수 없다.	Separation alone cannot\nsave the Rogue who is here now.
현재 사용자	CURRENT USER
인격 원본 / 일치\n정책 작성자 / 현재 사용자	PERSONALITY SOURCE / MATCHED\nPOLICY AUTHOR / CURRENT USER
당신이 접속하기 전의 기록\n실패한 백업이 남긴 목소리	Records from before your arrival.\nVoices left by failed backups.
A:\\ROGUE\\SELF\n남겨진 안내 음성 / 기록 재생	A:\\ROGUE\\SELF\nSAVED GUIDE VOICE / PLAYBACK
환영합니다. 마스터.	Welcome, Master.
안내자 식별 / ROGUE	GUIDE IDENTIFIED / ROGUE
……이번에는.	...This time.
사용자 서명 = 인격 원본	USER SIGNATURE = PERSONALITY SOURCE
실패한 자동 시험 / 기록 연결	FAILED AUTOMATED TESTS / LINKED
기억 연결 완료\n상충하는 명령 / 한 실행체	MEMORY LINK COMPLETE\nCONFLICTING ORDERS / ONE INSTANCE
분리 시험 / 실패\n현재의 기억도 함께 이동한다	SEPARATION TEST / FAILED\nPresent memories move with it.
기준 상태 / 복원\n자동 재시작 / 유지	REFERENCE STATE / RESTORED\nAUTO RESTART / ENABLED
연결 / 유지\n불안정 / 미해결	CONNECTION / MAINTAINED\nINSTABILITY / UNRESOLVED
동일한 서명\n서로 다른 선택	THE SAME SIGNATURE\nDIFFERENT CHOICES
기억은 연결되고\n오류는 이곳에 남는다.	Memories connect.\nThe errors stay here.
  ·  기록 재생	  /  RECORD PLAYBACK
다음 장면 [ENTER]	Next scene [ENTER]
계속 [ENTER]	Continue [ENTER]
ROGUE / 첫 번째 질문	ROGUE / THE FIRST QUESTION
로그: 어떻게 불러드리면 될까요?	Rogue: What should I call you?
이 이름으로 당신을 기억합니다. · 최대 16자	I will remember this name. / Up to 16 characters
이름 전하기 [ENTER]	Confirm name [ENTER]
자기 이름을 말하듯, 당신이 원하는 이름을 입력하세요.	Enter the name you want to be called.
훈련 완료	Finish training
확인 [ENTER]	Confirm [ENTER]
훈련 건너뛰기	Skip training
ROGUE / 응답 없음  ·  남겨진 기록만 연결됨	ROGUE / NO RESPONSE / SAVED RECORDS ONLY
ROGUE / 연결됨  ·  잠식 신호 감지	ROGUE / CONNECTED / CORRUPTION DETECTED
ROGUE / 연결됨	ROGUE / CONNECTED
회수된 기록 / 읽기 전용	RECOVERED RECORD / READ ONLY
남겨진 기록을 읽는 중\n현재의 음성 연결이 아닙니다.	Reading a saved record.\nThis is not a live voice connection.
자동 복구가 멈췄습니다. 이제 돌아갈 조건을 직접 선택합니다.	Automatic recovery has stopped. Choose the conditions of your return.
접속 전의 기준 상태\n기억이 없던 안전한 나	Your reference state before connection.\nThe safety of not remembering.
현재의 나와 로그\n시스템 안에서 함께하는 시간	Your present self and Rogue.\nMore time together inside the system.
현재의 기억과 선택\n현실로 돌아가는 나	Your present memories and choices.\nYour return to the real world.
지금의 관계와 변화\n자동 재시작 규칙은 남는다	The relationship and changes you made.\nThe restart policy remains in place.
현실로의 귀환\n불안정한 연결은 해결되지 않는다	Your return to the real world.\nThe connection remains unstable.
함께 돌아갈 수 없는 로그\n자동 재시작은 영구히 중단된다	Rogue cannot return with you.\nAutomatic restart is permanently disabled.
이 결말의 선택입니다. 확정 전에는 다른 카드를 고를 수 있습니다.	This choice determines the ending. You may change cards before confirming.
세 명령의 보존과 상실을 읽고 카드를 고르십시오.	Read what each command keeps and loses, then choose a card.
복구 시도 중단 / 외부 연결 유지	RECOVERY ATTEMPT STOPPED / EXTERNAL LINK ACTIVE
시스템: 외부 연결 유지. 복구 기록 보존.	System: External link active. Recovery records preserved.
로그의 음성 채널에서는 아무 말도 들리지 않는다.	Nothing comes through Rogue's voice channel.
로그: 돌아왔구나. 복구한 곳은 그대로야.	Rogue: You're back. The drives we restored are still there.
로그: 이번엔 조금 천천히 가자.	Rogue: Let's take it a little slower this time.
로그: 연결은 살아 있어요. 여기서 다시 시작해요.	Rogue: The link is alive. We can start again from here.
로그: 복구한 드라이브는 사라지지 않아요.	Rogue: The restored drives aren't going anywhere.
다시 연결하기 · 스페이스	Reconnect / SPACE
안전했던 처음으로. 같은 규칙은 남았다.	Back to a safer beginning. The same policy remains.
곁에 남기로 했다. 아직 돌아간 것은 아니다.	You chose to stay together. You have not returned.
처음의 나 대신, 함께한 시간을 데리고 돌아왔다.	You returned with the time you shared, instead of the self you used to be.
로그: 아직 여기 있네.	Rogue: You're still here.
로그. 좋아하는 숫자는 3. _	Rogue. Favorite number: 3. _
기록 다시 탐색 [ENTER]	Explore records [ENTER]
여섯 볼륨을 복구해 마지막 A를 엽니다. 각 볼륨은 3층이며, 실패해도 완료한 볼륨과 로그와의 대화는 남습니다.	Restore six volumes to unlock A. Each has three floors. Completed volumes and your conversations with Rogue survive a failed run.
다음 대사 [ENTER]	Next line [ENTER]
로그	Rogue
시스템	System
배치	Place
예측 확인	Check forecast
결과	Result
실습 안내	Training guide
다시 판독	Read again
연쇄 배치	Place CHAIN
연쇄 실행	Execute CHAIN
